{
  "norm_stats": {
    "state": {
      "mean": [
        -0.02778496779501438,
        -0.007156846579164267,
        0.20136544108390808,
        3.0107171535491943,
        -0.21479597687721252,
        0.3284115493297577,
        0.029387911781668663,
        -0.0308374110609293
      ],
      "std": [
        0.06713845580816269,
        0.1774032860994339,
        0.0777437761425972,
        0.22266662120819092,
        0.32107260823249817,
        0.4692828357219696,
        0.009491835720837116,
        0.008992367424070835
      ],
      "q01": [
        -0.15142115950584412,
        -0.25260674953460693,
        0.04586184024810791,
        2.7608816623687744,
        -0.7015424370765686,
        -0.554457426071167,
        0.004115699324756861,
        -0.03993416205048561
      ],
      "q99": [
        0.08560080826282501,
        0.281460165977478,
        0.3161408603191376,
        3.2109694480895996,
        0.7667227983474731,
        1.1772887706756592,
        0.0398748554289341,
        -0.004135170020163059
      ]
    },
    "actions": {
      "mean": [
        0.0692163035273552,
        0.13333812355995178,
        -0.046469710767269135,
        0.0011834650067612529,
        0.006952975876629353,
        -0.015116509050130844,
        0.06516166031360626
      ],
      "std": [
        0.2692731022834778,
        0.4363848865032196,
        0.44584423303604126,
        0.02424684539437294,
        0.049551527947187424,
        0.042616963386535645,
        0.9978747367858887
      ],
      "q01": [
        -0.5009196400642395,
        -0.8598482012748718,
        -0.8919642567634583,
        -0.06321428716182709,
        -0.12321428209543228,
        -0.1339285671710968,
        -1.0
      ],
      "q99": [
        0.8303838968276978,
        0.8330357074737549,
        0.9375,
        0.07608214020729065,
        0.15001071989536285,
        0.0771428570151329,
        1.0
      ]
    }
  },
  "metadata": {
    "data_dir": "./datasets/metas",
    "subsets": [
      "libero_object"
    ],
    "resolved_subsets": [
      {
        "name": "libero_object",
        "path": "./datasets/metas/libero_object"
      }
    ],
    "subset_stats": {
      "libero_object": {
        "num_files": 10,
        "num_demos": 500,
        "num_steps": 74507
      }
    },
    "num_demos": 500,
    "num_steps": 74507,
    "state_dim": 8,
    "action_dim": 7,
    "state_orientation_source": "obs/ee_ori euler xyz",
    "state_orientation_format": "axis_angle",
    "state_labels": [
      "ee_x",
      "ee_y",
      "ee_z",
      "ori_ax",
      "ori_ay",
      "ori_az",
      "grip_0",
      "grip_1"
    ],
    "action_labels": [
      "dx",
      "dy",
      "dz",
      "dr",
      "dp",
      "dyaw",
      "gripper"
    ]
  }
}